date,headline,sentiment
4/30/18,UNICEF Creates Website for Charity Crypto Mining ,-0.1
4/30/18,Circle Invest Adds Zcash (ZEC) to List of Offerings on App ,-0.3
4/30/18,Cryptocurrency Market Remains Robust Despite Warren Buffett Criticism ,0.7
4/30/18,Warren Buffett on Bitcoin (BTC): Bitcoin is a Gamble ,0
4/30/18,William Mougayar to Launch Investment Firm to Fund Blockchain Projects ,-0.1
4/30/18,Cardano Overtakes Litecoin’s: Pos Algorithm is Solved ,0.7
4/30/18,"TRON (TRX), EOS, and Cardano (ADA): What Happened? ",-0.6
4/30/18,"BitShares (BTS) and Lisk (LSK): Big News, Big Gains ",0.7
4/27/18,"EOS, TRON (TRX), and Stellar (XLM): We Have Liftoff! ",0.8
4/26/18,The Craziest Bitcoin Predictions for 2018 ,0.3
4/26/18,Should Deutsche Bank Become a Crypto Exchange? This Analyst Says Yes. ,0
4/26/18,Bithumb to List Kyber Network and OmiseGo – Good Idea? ,0.4
4/26/18,"Verge (XVG), Stellar (XLM), Cardano (ADA): When You’re Up, You’re Up ",0.8
4/26/18,Fundstrat Poll Shows Investors Believe in Bitcoin ,0.3
4/25/18,U.S. Exchanges Carve a Niche in Crypto – Is This a Good Thing? ,0.7
4/25/18,Winklevoss Twins Partner with Nasdaq for Crypto Monitoring ,0
4/25/18,Daniel Masters: Cryptocurrencies ARE the Future ,0
4/25/18,"Ripple (XRP), IOTA (MITOA), and NEO: Down, Down, Down ",-0.2
4/25/18,Ethereum Smart Contract Bug Causes Suspension of ERC20 Deposits ,-0.7
4/24/18,MIT Unveiled a Plan to Destroy Bitcoin (BTC) ,0.2
4/24/18,Martin Lewis Files Lawsuit Against Facebook Over Crypto Scams ,-0.9
4/24/18,Cryptocurrency Market Surpass $420 Billion As Altcoins Shine ,0.3
4/24/18,"EOS and TRON (TRX): New Listings, New Updates ",-0.3
4/23/18,Yoshitaka Kitao Expects Ripple to Reach $10 by Year End ,-0.3
4/23/18,Shift Card is Accepted at 38 Million Merchants Worldwide ,0.1
4/23/18,Litecoin Recovers from LitePay’s Hard Hit ,0
4/23/18,"Litecoin (LTC) and TRON (TRX): Big News, Big Progress ",0.5
4/23/18,Bitcoin to be Bigger than the Internet? Tim Draper Thinks So ,0
4/23/18,Coinbase has Blocked WikiLeaks: A Controversy has Kicked Off ,-0.8
4/23/18,Sending $100M on the Litecoin Blockchain Took 2.5 Minutes ,-0.3
4/23/18,JPMorgan Tests Blockchain Platform to Help Debt Issuance Process ,0.4
4/20/18,Asian Authorities Stop Two Crypto Scams ,-0.5
4/20/18,Crypto Markets Continue the Upswing – What are People Saying? ,-0.4
4/20/18,"Ripple (XRP), EOS, and IOTA (MIOTA): Ending the Week Strong ",0
4/19/18,IBM and Bank of Montreal (BMO) Finally Launch Live Blockchain Payment Pilot ,0.2
4/19/18,"Cardano (ADA), IOTA (MIOTA), and Monero (XMR): Continue to Grow ",0.2
4/18/18,"Verge (XVG), Dash, and Lisk (LSK): Spring has Sprung? ",0
4/18/18,"Verge Price Collapse, But Monero Coin Soars ",0.4
4/18/18,Bitcoin Price: Bitcoin Continues to Flirt with the $8000 Mark ,0
4/17/18,Pornhub Accepting Verge (XVG)- The People Have Spoken ,0.4
4/17/18,"EOS, Litecoin (LTC), and Stellar (XLM): Shifting Back into the Green ",0.7
4/17/18,Crypto Exchange Kraken Closes Doors to Japan ,-0.1
4/16/18,Brian Kelly Predicts Huge Growth For Bitcoin ,0.5
4/16/18,Three Former Google Employees Create Blockchain Community ,-0.5
4/16/18,"The Crypto Markets are Down, But People Aren’t Worried – Here’s Why ",0
4/16/18,Cryptocurrencies for Kids: A New Business Opportunity On The Crypto Sphere ,0.8
4/16/18,"Ripple (XRP), TRON (TRX), and Lisk (LSK): Struggling to Resurface ",-0.4
4/16/18,"Despite the Risks – Crypto is Popular in Russia, New Study Finds ",0.8
4/16/18,Samsung Electronics Co is Now Exploring Blockchain Technology for Global Shipments ,0.3
4/16/18,MasterCard Blockchain: Payment Solutions and Fake IDs ,-0.9
4/16/18,Bitcoin at 250k? Another Expert Supports This Prediction ,0.4
4/13/18,Green Earth Tokens: Save the Rainforest with Crypto ,0.1
4/13/18,Mason County in Washington Halts Crypto Mining Projects ,0
4/13/18,Crypto Risks: The Central Bank of Kenya Joins Conversation ,0
4/13/18,Crypto Taxes – Credit Karma Reports 0.04% of Users Reported Cryptocurrency to IRS ,-0.7
4/13/18,Crypto Trading App BISON Launches in September – Here’s What to Expect ,0.1
4/13/18,Latest Bitcoin Scandal – What Happened in Singapore? ,-0.5
4/13/18,"Ripple (XRP), EOS, and Cardano (ADA): Here’s the Update ",0.1
4/13/18,Can Blockchain Help the Data Crisis? Not Likely – Here’s Why ,-0.4
4/13/18,"Bitcoin (BTC) to Reach $250,000 by 2022, says Billionaire Tim Draper ",0
4/13/18,"Coinsecure Crypto Exchange Loses $3.5 Million, Blames Security Chief ",-0.1
4/12/18,The Blockchain Community is Changing the World ,0
4/12/18,Cryptocurrency Markets Are Likely To Increase – Data Shows ,0
4/12/18,"Bitcoin (BTC) to Hit $25,000? Crypto Bull Thomas Lee Thinks So ",0
4/12/18,OKEx Team Follows Binance’s And Announce They Will Move to Malta Too ,0.2
4/12/18,"Coins to Buy: EOS, Cardano [ADA], and Tron [TRX] ",0.3
4/12/18,"Verge (XVG), Stellar (XLM), and EOS: Here’s What’s Happening ",0.7
4/12/18,"Ripple (XRP), Cardano (ADA), & DASH Uptrend – Time to Buy? ",0
4/12/18,Bittrex Exchange is Now Accepting New Investors – Again ,0
4/12/18,Indian Crypto Exchanges Consider Relocating in Response to Indian Crypto Ban ,-0.1
4/12/18,"Bitcoin Price: BTC Skyrockets $1,000 in Just 60 Minutes, but Why? ",-0.4
4/11/18,“The Greatest Bubble in History”: Bank of America “Kills” Bitcoin for 278th Time ,0.8
4/11/18,JPMorgan Chase Busted for Unexplained Crypto Charges – Jamie Dimon has some Explaining to do ,-0.6
4/11/18,Timothy Enneking Believes the Cryptocurrency Bear Market Is Ending ,0
4/11/18,Litecoin (LTC) Added to TenX Wallet App – Is there a Litecoin Debit on the Horizon Again? ,-0.1
4/11/18,Ripple (XRP) Invests $25 Million in Blockchain Fund ,-0.1
4/11/18,"EOS, NEO, Ethereum [ETH], and Icon [ICX] – Lift Off ",0.4
4/11/18,22 EU Countries Sign Blockchain Partnership – Progress Made ,-0.5
4/10/18,Fake Twitter Accounts and Scam Giveaways – A Problem for Crypto? ,-0.9
4/10/18,"Verge (XVG), Ripple (XRP), and IOTA (MIOTA): Climbing the Long Haul ",0.2
4/10/18,"Cardano [ADA], Ontology [ONT], & EOS Price Rise ",0.1
4/10/18,Ethereum’s [ETH] Most Hyped App Goes Live Today – Golem is Here ,0.1
4/10/18,"Bitcoin (BTC) Frenzy is Like an Infectious Disease Spreading, says Barclays ",0
4/10/18,"Victory Square Enters Into Definitive Agreement to Acquire 100% of Limitless Blockchain Technology, LLC. ",0.1
4/9/18,"George Soros is a Potential Cryptocurrency Investor? Despite This, Crypto’s Are Down ",0
4/9/18,Bitcoin (BTC): What Retailers Accept Cryptocurrency? ,0.1
4/9/18,Bitcoin Wallet Supporting the Lightning Network Removed from Google Play ,-0.7
4/9/18,"Soros, and Rockefeller: Two Big Names Enter the Crypto Markets ",0.8
4/9/18,"NEO, VeChain (VEN), and Verge (XVG): Going Against the Market Trend ",0.2
4/9/18,3 Funny Blockchain Chrome Extensions That Will Make You Smile ,0.3
4/9/18,Ethereum Is More Popular Than Bitcoin In India ,0.5
4/9/18,TRON (TRX) Main Net Announcement: Here’s What’s Happening ,0
4/6/18,Tron (TRX) vs. Ethereum (ETH) – Crypto Founder Twitter Brawl ,0.3
4/6/18,South Africa Might Self-Regulate Crypto ,0
4/6/18,Bitmain Releasing Ethereum ASIC Miners – UPDATED ,-0.2
4/6/18,"EOS, Litecoin [LTC], and Monero [XMR] Falling Despite Best Efforts ",0.9
4/6/18,"Bitcoin Stuck Below $7,000 As Analysts Call it ‘Worthless’ ",-0.9
4/6/18,"TRON Coin Retreats, Ripple Extends Losses ",0.5
4/6/18,Japanese Regulators Suspending Activities of Two More Crypto Exchanges – but what about Coincheck? ,0
4/5/18,Wall Street Analyst Believes Tax Season will Cause Crypto Selloff ,0.2
4/5/18,Coinbase Launches its Own Venture Fund – Big Things to Come ,0.8
4/5/18,Will The Trade War Have Any Long-Term Impact on Cryptocurrencies? ,0.4
4/5/18,Litecoin [LTC] and Monero [XMR] Grow while Cardano [ADA] Drops ,-0.6
4/5/18,TRON Price Outperforming Altcoins ,0.1
4/5/18,"EOS, Tron [TRX], & Ontology [ONT] Take Off – BIG Things Ahead ",-0.1
4/5/18,"Abra Adds Coins: Stellar (XLM), Bitcoin Gold (BTG), and DigiByte (DGB) Included ",0.7
4/4/18,Feedspot News Feed: We Made it in the Top 100! ,0.9
4/4/18,Canadian BMO Bank Bans Cryptocurrency Debit Purchases ,0.1
4/4/18,Tron [TRX] & Tron Dogs Update – Full Steam Ahead ,0
4/4/18,Ethereum [ETH] and OmiseGO [OMG] Founders Donate $1 Million USD ,0.2
4/4/18,"Ripple, IOTA & Bitcoin: Dropping Below Prior Price ",-0.5
4/4/18,Google Mining Extensions – Altcoins Are Tumbling ,-0.1
4/4/18,"Crypto Price Correction – Stellar[XLM], Ethereum[ETH], VeChain[VEN], & Nano[NANO] ",0.8
4/4/18,Bitcoin Price Could Plunge Another 50% Before Stabilization ,0
4/3/18,Crypto March Overview: What Coins Were Movers And What Coins Were Losers? ,-0.5
4/3/18,"Vitalik Buterin, Ethereum [ETH] Founder, Calls Craig Wright a Fraud ",-0.9
4/3/18,"Altcoins Paring Losses – Binance, Cardano, and Stellar ",0
4/3/18,"Verge [XVG], DASH, & NEM [XEM] – Bright Skies Ahead ",0.8
4/3/18,"Ripple (XRP), Lisk (LSK), and Litecoin (LTC): Riding the Crypto Wave ",0.1
4/3/18,Death Cross Pattern Fail to Create an Immediate Selloff ,-0.9
4/2/18,Bitcoin Price Crash – Death Cross Concerns Are Still Lingering ,-0.3
4/2/18,"Ripple (XRP), Cardano (ADA), and NEM (XEM): Which Coin Lost the Most Since 2018 Started? ",-0.7
4/2/18,"VeChain [VEN], Steem, & Binance Coin [BNB] Price Jump ",0.3
4/2/18,UnitedHealthcare and Humana to Launch Blockchain Provider Record Pilot ,0
4/2/18, OkEx Exchange – Manipulation Causes Widespread Panic ,-0.8
4/2/18,"Stellar (XLM), Monero (XMR), EOS: What’s Happening? ",0.5
4/2/18,Cryptocurrencies Have Plunged to 2018’s Lowest Lows ,0
4/2/18,Update: TRON [TRX] Test Net Launched – TRX Rebounds ,0
4/2/18,South Korea Will Announce Crypto Tax Policies in July ,0
4/2/18,Intel Patents Hardware Accelerator ,0
3/31/18,"Stellar [XLM], Cardano [ADA], & Ethereum [ETH] Price Update – the Skies the Limit ",0.3
3/29/18,Is Crypto Infiltrating Our Driving? Ford Wants It To ,-0.1
3/29/18,Cardano [ADA] vs. EOS – Who Reigns Supreme? ,0
3/29/18,Bitcoin Price Under Pressure Due To ‘Death Cross’ Concerns ,0
3/29/18,Ethereum and Ripple Price Plummeted to a 4-Month Low ,-0.2
3/29/18,TRON Bull Run Extended – Coin’s Value Doubled ,0.7
3/29/18,Monero (XMR): Not the Update We’ve Been Waiting For ,0
3/29/18, Eurasian Blockchain Association Will Sue Social Media “Cartels” ,-0.1
3/29/18,"TRON (TRX), EOS, and Skycoin (SKY): Going Green ",0
3/29/18,Ethereum [ETH] Crashes Below $400 – Will it Recover? ,-0.9
3/28/18,Bitcoin (BTC): Wall Street Says HODL and Abra CEO Says BOOM ,-0.4
3/28/18,AMD shares sink after confirmation of ETH-compatible ASICs ,-0.2
3/28/18,Ripple (XRP) Joins Forces with Blockchain Consortium Hyperledger ,-0.4
3/28/18,Cryptocurrencies Are in The Green Despite Resistance from Bears ,0.1
3/28/18,"Ripple (XRP), Stellar (XLM), and Litecoin (LTC): Big News, but It’s Not Enough ",0.3
3/28/18,"Ethereum[ETH], Cardano[ADA], Bitcoin Cash[BCH], and Tron[TRX] Up or Down? ",0.1
3/28/18,EOS Outperformed The Top 10 Crypto Coins ,0.8
3/27/18,"Coingate Joins Prestashop: 80,000 European Merchants Can Accept Crypto ",0.4
3/27/18,Blockchain Startup Spring Labs Creating a Credit Data Blockchain ,-0.5
3/27/18,Coinbase Adds ERC20 Support – Altcoins to Come? ,-0.4
3/27/18,The LitePay Scandal: Where is Litecoin (LTC) Now? ,-0.3
3/27/18,"Ripple[XRP], Stellar[XLM], NEO, and IOTA Price Break Through ",0.8
3/27/18,Scams and Frauds Continues Impacting Cryptocurrency Market Credibility ,-0.9
3/27/18,KuCoin Eliminates BCH Pairs from its Platform ,0.9
3/27/18,"EOS, TRON (TRX), and Mithril (MITH): Holding On ",0.2
3/26/18,Huobi Exchange to Launch in The U.S. ,0
3/26/18,UPDATE: Twitter is Now Officially Banning Crypto Ads ,-0.7
3/26/18,Cryptocurrency Sell-off: Altcoins Are Erasing Last Week Gains ,-0.5
3/26/18,"Litecoin (LTC), EOS, and NEM (XEM): Fighting to Stay on Top ",0.9
3/26/18,Does Cryptocurrency Price Volatility Ease This Week? ,0.7
3/26/18,Pay Your Crypto Taxes – Cryptocurrency Earnings Must Be Declared ,0.1
3/26/18,"Cardano [ADA], NEO, Tron [TRX] Tumble – Project Updates ",0
3/26/18,Google Researches Blockchain – Two Research Initiatives Announced ,-0.1
3/24/18,Tron (TRX) Soars 75% Prior to Test Net Launch ,-0.2
3/24/18,"EOS, Cardano(ADA), Tron(TRX), Lisk, & VeChain – 5 Long Holds ",0.2
3/23/18,Ireland’s Department of Finance to Create a Blockchain Working Group ,0
3/23/18,Pablo Escobar Cryptocurrency – Claims BTC is the CIA’s creation ,-0.8
3/23/18,Hydro-Québec to Stop New Cryptocurrency Mining Projects in Province ,0
3/23/18,Get Ready Malta – Binance is Moving In! ,0.2
3/23/18,Is South Korea Buying Crypto Exchange Bitstamp? ,0.2
3/23/18,"EOS, ICON (ICX), and Cardano (ADA): The Ups and Downs ",0
3/23/18,"Stellar(XLM), Tron(TRX), & Monero(XMR) Bounce Back ",0.7
3/22/18,Russia & Cryptocurrency – Is It “Quasi-Money”? ,0
3/22/18,EOS Climbs while Ripple (XRP) and Litecoin (LTC) Fall ,0.2
3/22/18,Binance Receives Major Warning from the Japanese Govt ,0.1
3/22/18,"Taxes, Regulations, and Pornography Scandal – Cryptocurrency Downtrend Resumes ",0.2
3/22/18,"Cardano(ADA), Tron(TRX), Stellar(XLM), & NEO Deflate ",0.8
3/21/18,Researchers Discover Child Pornography Hidden in Bitcoin’s Blockchain ,0
3/21/18,Twitter CEO: Bitcoin Will Become The World’s Single Currency ,0.3
3/21/18,"TRON (TRX), Cardano (ADA), and Nano: The Sky’s the Limit? ",-0.3
3/21/18,Bitcoin Price Bull Run: Concerns Over Criminal Activities ,-0.2
3/21/18,"Ethereum(ETH), Stellar(XLM), & NEO Get a Push ",0.7
3/21/18,"Altcoins Are Outperforming Bitcoin; the Rally Will Intensify, Analyst Say ",0.1
3/21/18,Victory Square Enters Definitive Agreement to Acquire 49% of Flo Digital Inc. ,0
3/20/18,G20 Rejects the Need for Regulation of Cryptocurrencies ,-0.6
3/20/18,Binance Hack Update: Binance Bounty Paying Off ,0
3/20/18,Sierra Leone Election: Blockchain Was NOT Used ,-0.4
3/20/18,Ripple (XRP) Futures – Next Big Crypto Market Shift? ,0.1
3/20/18,Cryptocurrency Rally Extended – Where is the New Resistance Level? ,0.5
3/20/18,Sheena Shah Of Morgan Stanley ; Bitcoin Is The Next Dot-Com Bubble ,0
3/20/18,"Qtum, EOS, and IOTA (MIOTA) Lead Strong ",0.1
3/19/18,What’s Affecting Price Volatility Across the Coins? ,0
3/19/18,"Monero (XMR), Dash, and Zcash (ZEC): Dropped by Coincheck ",0.3
3/19/18,The Top 5 Coins With The Highest Price Increase ,0.9
3/19/18,‘www.crypto.com’ – It’s Not The Domain You Think ,-0.8
3/19/18,"Cryptocurrencies are like Giffen Goods, Here’s Why ",-0.2
3/19/18,Mt.Gox Bankruptcy trustee breaks silence ,0
3/19/18,"Ripple (XRP), NEM (XEM), and Cardano (ADA) Shoot for the Stars ",0.7
3/19/18,"Tron(TRX), Stellar(XLM), Ethereum(ETH), & NEO Take Off ",0.6
3/18/18,"NEM(XEM), Cardano(ADA), Stellar(XLM), & NEO Take a Nosedive ",0.8
3/17/18,Bittrex to Remove 82 Token Wallets ,-0.5
3/17/18,Celebrate St. Patrick’s Day – Buy Booze With Bitcoin! ,0.6
3/17/18,Blockchain Technology Could Save the U.S Government Billions ,0.1
3/16/18,RBC Registers A Patent For Blockchain-Based Platform ,-0.1
3/16/18,Brazil’s unveiled corruption network used cryptocurrencies to operate ,-0.2
3/16/18,"Litecoin (LTC), IOTA (MIOTA), and Dash: Recovery on the Horizon? ",0.2
3/16/18,"Crypto Leaders: Lisk(LSK), Bitcoin Cash, Nano, & VeChain (VEN) ",0.1
3/16/18,Bitcoin Is a Stressful Investment and an Unpredictable Play ,0
3/15/18,Playboy Enterprises Moving into Cryptocurrency by Creating Online Wallet ,-0.4
3/15/18,Cardano (ADA) and EOS: Coins to Buy in the Dip? ,0.2
3/15/18,DigixDAO Soars While NEM (XEM) and Cardano (ADA) are Left in the Dust ,-0.3
3/15/18,United Kingdom Launches Bitcoin Futures via CoinfloorEX ,0.6
3/15/18,Cryptocurrency Bubble Will Burst As Major Financial Players Reject Virtual Currencies ,-0.2
3/14/18,NEM (XEM) vs. Lisk (LSK) – Will an Altcoin Overtake Ethereum (ETH) This Year? ,0
3/14/18,Diving into the Google Ban on Cryptocurrency Advertising ,-0.1
3/14/18,"Ripple(XRP), Litecoin(LTC), & Stellar(XLM) – Future Cashless Society? ",0.7
3/14/18,"Cryptocurrency Scams, Ad Bans, and Negative Opinions. Is There A Light At The End Of The Crypto Tunnel? ",-0.3
3/14/18,Google Will Ban Cryptocurrency Ads – How Will This Affect The Crypto-Sphere? ,-0.6
3/14/18,"Ripple (XRP), Stellar (XLM), and NEO Struggle to Keep Up – Google to Blame? ",0.4
3/13/18,Bitcoin Price Lopsided; Its A Difficult Time to Own Cryptocurrencies ,-0.3
3/13/18,Should You Invest in Substratum (SUB)? ,-0.1
3/13/18,Why John McAfee’s Bullish Bet on Bitcoin Price Won’t Succeed ,-0.7
3/13/18,Crypto Startup Coinbase Launches Cryptocurrency Tax Calculator ,0.5
3/13/18,"Nem (XEM), Binance Coin (BNB), & VeChain (VEN) Lead the Day ",-0.4
3/13/18,"Monero (XMR), NEO, and Litecoin (LTC) Struggle to Recover ",0
3/13/18,The World’s first Presidential Elections ever audited on Blockchain happened in Sierra Leone ,0
3/13/18,Japan Wants G20 Summit to Discuss Crypto Money Laundering ,0
3/12/18,"Bitcoin Cash, Cardano and Monero Price Strengthened – Here’s Why ",-0.3
3/12/18,"NEM (XEM), Cardano (ADA), and Dash Trend Upwards – For Now ",0.4
3/12/18,Jihan Wu Plans to Fund More than 20 Blockchain Central Banks Around the World ,0
3/12/18,New ASIC miner announced for sale beats the “Asic Proof” design of many CryptoNight-based altcoins ,-0.2
3/12/18,"Litecoin (LTC), Ripple (XRP), NEO, – Blue Skies Ahead? ",0
3/12/18,Bitcoin Strategist Tom Lee Creates the Bitcoin Misery Index and it says you should buy Bitcoins right now ,0
3/12/18,Top 5 Bulliest Cryptos of the Week ,0.8
3/10/18,"Nem (XEM), EOS, DASH, Tron (TRX), and Cardano (ADA) Price Update ",-0.4
3/9/18,Mt.Gox Bankrupcy Trustee sells $400 Million USD In BTC; Causes A Drop In Markets Of Almost 40% ,-0.8
3/9/18,"Monero (XMR), Cardano (ADA), and IOTA (MIOTA) Tumble into Red ",0.1
3/9/18,McAfee Reports North Korean Cyber Attacks Against Turkey ,0.1
3/9/18,"Monero Price Lead the Selloff, Cardano and Bitcoin Cash Fumbled ",0.3
3/9/18,"PURA Aurora Launches Today, Big Things to Come ",0.2
3/8/18,CoinLib: Track Your Crypto in Real-Time while Getting the Best Price ,0.9
3/8/18,Ripple Beware! SWIFT is testing its own blockchain and the results are going “extremely well” ,0.1
3/8/18,"Nem (XEM), Sirin Labs (SRN), & Ethereum Classic (ETC) Rise to the Top ",0.1
3/8/18,"Monero (XMR), VeChain Thor (VEN) (VET), and Nano Dip Further ",0
3/8/18,Bitcoin Price Today: Registering Crypto Exchanges Would Reduce Uncertainty ,-0.2
3/7/18,Wyoming on track with the promotion of crypto-friendly laws and regulations ,0.7
3/7/18,Bitcoin Investors Should Prepare for Risks; U.K. Could Weigh on Prices ,0
3/7/18,Ripple CEO Brad Garlinghouse Talks About The Reasons For Their Growth And Their Differences With Other Cryptos ,-0.2
3/7/18,"Cardano (ADA), Tron (TRX), & VeChain Thor (VEN) (VET) Lead The Dip – Bright Skies Ahead ",0.5
3/7/18,Want to Pay Tax in Bitcoin? These Three US States Might Soon Let You ,-0.2
3/7/18,Bitcoin Enthusiasm Tanked; Google Searches and Trading Volume Sink ,0.2
3/7/18,"Ethereum (ETH), EOS, IOTA (MIOTA) Tank on Binance News ",0.2
3/7/18,Mehdi Khimji Announces Exercise of Warrants to Acquire Additional Common Shares of Victory Square Technologies Inc. ,-0.1
3/6/18,Canadian Cryptocurrency Exchange Einstein to Tackle Fentanyl Epidemic ,0.1
3/6/18,"Ethereum (ETH), EOS, DASH, & IOTA Fall ",0.2
3/6/18, Coinbase Announces Launch of Crypto Index Fund – Not Ripple Addition ,0
3/6/18,"Lisk (LSK), Nano, and NEO Plummet in a Dropping Crypto Market ",0.1
3/6/18,Cryptocurrency Exchanges Bring in Millions a Day from Fees ,-0.2
3/6/18,"Cryptocurrencies are in The Red; Ripple, NEO, and Stellar Lead the Selloff ",0.9
3/6/18,"Tron (TRX), Litecoin (LTC) & VeChain Thor (VET) (VEN) Updates ",-0.1
3/6/18,South Korea’s Kakao to Integrate Blockchain Technology ,0
3/6/18,Ripple (XRP) and Stellar (XLM) Can’t Hold On: Coins Falling Fast ,0.3
3/6/18,Ripple Price Has Retreated – Coinbase Kills Rumors ,0
3/6/18,"Medicalchain Strikes Big Partnership, Will Release 30,000 Patient Pilot ",0.6
3/5/18,Chile to Adopt Blockchain Technologies to Monitor Electricity Network ,-0.1
3/5/18,What is President Trump’s Cryptocurrency Opinion? ,0
3/5/18,NEO & GAS Drop as Entire Network Crumbles ,-0.3
3/5/18,Crypto ATMs Opened in Ecuador Despite Country Ban ,-0.6
3/5/18,"Cardano (ADA), Monero (XMR), & Status (SNT) Uptrend ",0.2
3/5/18,Ripple (XRP) and Stellar (XLM) Big News – Prices Skyrocket ,0.8
3/5/18,Global Blockchain Becomes Media Sponsor for FFCON18: VELOCITY ,-0.1
3/4/18,Québec Thinks Cryptocurrency Farming Without Added Value is Unfavorable ,0.7
3/4/18,Amazon and Starbucks Interested in Cryptocurrency and Blockchain ,0.6
3/4/18,Stellar (XLM) Soars While Monero (XMR) Slumps ,0.8
3/2/18,Uber Creator Founds New Cryptocurrency ‘ECO’ – How Can You Get Involved? ,0
3/2/18,UK Central Bank to Tackle Issues Like Crypto Money Laundering ,0
3/2/18,Bank in Liechtenstein to Allow Clients to Invest Directly in Cryptocurrencies ,-0.3
3/2/18,Crypto Oscars – Who Will Claim the Prize? ,-0.3
3/2/18,Tron (TRX) Jumps Nearly 25% After Huge Announcements ,-0.5
3/2/18,Cryptocurrencies Should Be Regulated – Not Banned ,-0.4
3/2/18,Global Blockchain Closes Acquisition of Coinstream ,-0.7
3/1/18,Investing in Crypto? Follow These 7 Metrics from Weiss Ratings ,0.1
3/1/18,United Nations Partners with Crypto Startup to Explore Blockchain ,0
3/1/18,Iceland Fears Using All Their Energy for Cryptocurrency Farming ,0
3/1/18,Tron (TRX) Announces Accelerated Main Net Launch Date ,-0.1
3/1/18,"Monero (XMR), Bitcoin Cash (BCH), and Nano Grow ",0.2
2/28/18,"Cardano (ADA), EOS, & Steem: the Top 3 Cryptocurrencies by Weiss Ratings ",0.8
2/28/18,"HSBC Pushing Blockchain, JP Morgan Threatened by Crypto ",0
2/28/18,"NEM (XEM), Tron (TRX), & DigixDAO (DGD) Lead the Market ",0.1
2/28/18,Is Cryptocurrency Anonymity Aiding Criminals? Bill Gates Thinks So ,-0.1
2/28/18,"Cardano (ADA), Stellar (XLM), and Litecoin (LTC) Hit with Losses ",0
2/28/18,The Substantial Volatility Could Result in Complete Losses ,0
2/28/18,Bitcoin and Ripple Are Threatening Traditional Financial System – Here’s How ,0
2/27/18,Poloniex Exchange Bought by Circle Inc. ,0
2/27/18,Traders Aren’t Considering Ripple’s Increasing Penetrating in Financial Sector ,-0.4
2/27/18,Women in Cryptocurrency – Let’s Celebrate the Wins! ,0.7
2/27/18,"Litecoin (LTC), Ripple (XRP), Cardano (ADA), and Stellar (XLM) Struggle ",0.6
2/27/18,EOS and NEO: Top 10 Crypto Leaders ,0.8
2/27/18,Apple Co-Founder Falls Victim to Bitcoin Scam ,-0.9
2/27/18,Bitcoin (BTC) Accepted at Las Vegas Strip Club via QR Code Tattoos ,0.6
2/27/18,Taiwan’s Central Bank Looking into Blockchain Technology ,0
2/27/18,"LeadInvest.net Bust, Texas Regulators Crack Down on Crypto Scam ",-0.8
2/26/18,"Tron (TRX), Bitcoin Cash (BCH), Nano, and Qtum Price Update ",0
2/26/18,"Stellar (XLM), Monero (XMR), and IOTA (MIOTA) Dig In ",0.9
2/26/18,VeChain THOR (VET) (VEN) Rebrands & Partners with BMW ,0
2/26/18,Get Ready for the Crypto Oscars – You Can Vote for the Winners! ,0.5
2/26/18,"NEO, GAS, and Bitcoin (BTC) Lead the Crypto Market ",0.2
2/26/18,Crypto Olympics: Podium Ceremony ,0.2
2/25/18,Crypto Olympics: Ethereum (ETH) vs. EOS ,0.1
2/23/18,Nano Leads Crypto Recovery ,0.3
2/23/18,"Ripple (XRP), Litecoin (LTC), and Ethereum (ETH) Shine as Market Recovers ",0.3
2/23/18,Crypto Olympics: EOS vs. NEM (XEM) ,0.1
2/23/18,"Ripple Price Rebounds, Are Two New National Currencies Playing A Part? ",0.1
2/23/18,Iran and Turkey To Launch National Crypto Coins ,0.3
2/22/18,India’s NASSCOM Partners With Blockchain Institute ,0
2/22/18,U.K. Treasury Starts Investigation into Cryptocurrency and Blockchain ,0
2/22/18,How Crypto is Empowering the LGBT Community ,0
2/22/18,IOTA (MIOTA) Loses Ranking and Dash Crashes Hard ,-0.9
2/22/18,"Ripple Adds Five New Clients – But The Coin Still Plunges, Here’s Why ",0
2/22/18,Crypto Olympics: VeChain (VEN) vs. NEM (XEM) ,0
2/21/18,Lisk (LSK) Suffers Major Losses ,-0.6
2/21/18,Bitcoin (BTC) Causes Crypto Selloff ,-0.6
2/21/18,Crypto Bloodbath: Bitcoin Cash (BCH) and Litecoin (LTC) Plummet ,0.2
2/21/18,Crypto Olympics: Bitcoin (BTC) vs. VeChain (VEN) ,0.1
2/21/18,Bitcoin Price: The Bull Run Ends ,-0.3
2/20/18,Russian Bank to Develop Blockchain-Based Payment System ,0
2/20/18,Stellar (XLM) and Lisk (LSK) Plummet ,0.8
2/20/18,Lisk (LSK): Everything You Need to Know about Lisk and its Re-Launch – UPDATED ,0.5
2/20/18,"Ethereum (ETH), Ripple (XRP), and Bitcoin Cash (BCH) Struggle to Make Gains ",0
2/20/18,Litecoin (LTC) Surges Despite Litecoin Cash (LCC) Lift Off ,0.2
2/20/18,Venezuela’s Petro Coin Could Spur a Broader Rally in Cryptocurrency Prices ,-0.2
2/20/18,Crypto Olympics: Dash vs. NEM (XEM) ,0.1
2/19/18,Cryptocurrency Market Rebounds as VeChain (VEN) Propels to the Top Today ,0.8
2/19/18,"Ethereum Classic (ETC), NEO, and Ripple (XRP) Recover ",0.7
2/19/18,"VeChain (VEN), NEO, Lisk (LSK), & Stellar (XLM) the Top Coins in 2018, So Far ",0.9
2/19/18,The Buy In: The Crypto “Shark Tank” ,0.2
2/19/18,"Ethereum Classic Leads the Rally, NEM, Stellar and Cardano Are the Laggards ",0.8
2/19/18,Buterin Warns Ethereum Coins (ETH) Could Reach $0 at ANY Time ,0.6
2/19/18,"Bitcoin Soars 80%, But Why it is Set To Crash? ",-0.6
2/19/18,Crypto Olympics: Cardano (ADA) vs. EOS ,0.1
2/18/18,Crypto Olympics: EOS vs. IOTA (MIOTA) ,0.1
2/17/18,"Bitcoin (BTC), Ripple (XRP), Monero (XMR), and TRON (TRX) Lead the Market ",0.2
2/17/18,Crypto Olympics: Cardano (ADA) vs. Bitcoin Cash (BCH) ,0.2
2/17/18,"NEO, China’s Ethereum, Soars as the Lunar New Year Kicks Off ",-0.7
2/16/18,Don’t Invest in Crypto to Make Money – Invest in a Project You’re Proud to Support ,0.8
2/16/18,NEM Price Crash – IOTA and Dash Replace NEM? ,-0.6
2/16/18,Populous (PPT) and 0x (ZRX): Leading Coins Today ,0.3
2/16/18,The Cheapest (and Best) Places for Bitcoin Mining ,0.9
2/16/18,"Monero Price Doubled, But It is Set to Crash ",0
2/16/18,Update: NEO and Bitcoin Cash (BCH) Lead the Rally ,0
2/16/18,Crypto Olympics: Litecoin (LTC) vs. Ethereum (ETH) ,0.1
2/16/18,Coinbase Exchange Drains Customer Bank Accounts – Utter Pandemonium Unleashes ,-0.9
2/15/18,VeChain (VEN) & Monero (XMR) Booming ,0
2/15/18,Litecoin Price Watch – LTC/USD Breaks Above $230 ,0.3
2/15/18,Want to Win Bitcoin (BTC)? MonteCrypto Game Launches Feb 20th ,-0.1
2/15/18,Global Blockchain Investment KodakOne Joins ICOxConnect Platform ,0
2/15/18,Which Game Will Top Cryptokitties and Tron Dogs? ,0.8
2/15/18,"Lisk (LSK), Litecoin (LTC), and Cardano (ADA) Continue to Grow ",0.2
2/15/18,Cryptocurrency and Taxes: You MUST Claim Your Cryptocurrency ,0.6
2/15/18,Crypto Olympics: Ripple (XRP) vs. Ethereum (ETH) ,0.1
2/14/18,Cryptocurrency Market Rise – Chinese New Year Ramp Up? ,0.1
2/14/18,Middle East Takes Two Crypto Steps Forward – Ripple (XRP) and Gold ,0
2/14/18,Polymath (POLY) and RChain (RHOC) Explained ,0.5
2/14/18,"Litecoin (LTC), Monero (XMR), & Dash (DASH) Top Coins Today ",0.8
2/14/18,"NEO, EOS, and IOTA (MIOTA) Make Gains Today ",-0.2
2/14/18,"Microsoft, IBM, and Other Blue Chips Are Investing Heavily in Blockchain Technologies – Here’s Why ",-0.4
2/14/18,Bitcoin Mining May Cause Energy Shortage In Iceland ,-0.4
2/14/18,Crypto Olympics: Stellar (XLM) vs. Ripple (XRP) ,0.8
2/13/18,Cryptocurrency Mining Will Leave Iceland Without Power ,0.4
2/13/18,Litecoin Price Watch – LTC/USD Holds Support At $156 ,0.1
2/13/18,"Ethereum (ETH), Ripple (XRP), LISK (LSK), & TRON (TRX) Update ",0
2/13/18,1956 Porsche Speedster to Become Tokenized Car ,0
2/13/18,Man Arrested in Thailand with $800M+ USD of Stolen Bitcoin ,-0.7
2/13/18,Cardano (ADA) and Litecoin (LTC): Where Will they End? ,-0.3
2/13/18,Crypto Exchange Says Traders Need to Take on More Responsibility ,-0.7
2/13/18,Stellar (XLM) and EOS: Top Coins of the Day ,0.9
2/13/18,Coinbase Introduces PayPal-like Commerce Button That Could Change the Game ,0
2/13/18,Cryptocurrencies Are Again in the Red – Regulators Stalled the Bull Run ,-0.5
2/13/18,JP Morgan Retreats From Earlier Stance; the Company Offers Upbeat Outlook ,0.8
2/13/18,Crypto Olympics: Ethereum (ETH) vs. NEO (NEO) ,0.1
2/12/18,Crypto Olympics: TRON (TRX) vs. Litecoin (LTC) ,0.1
2/11/18,UK Entrepreneurs Sell 50 Apartments in Dubai for Bitcoin ,0
2/10/18,NANO (XRB) Plummets after $170 Million Stolen on BitGrail ,-0.8
2/10/18,Crypto Olympics: Litecoin (LTC) Vs. Monero (XMR) ,0.3
2/9/18,What does a Cryptocurrency Future Look Like? ,0.2
2/9/18,The Sporadic Jumping of E-coin (ECN): Can We Trust this Token? ,0.2
2/9/18,"Litecoin (LTC), IOTA (MIOTA), & Stellar (XLM) Update ",0.6
2/9/18,Litecoin Price Watch – LTC/USD Showing Strength ,-0.2
2/9/18,Arizona to Accept Bitcoin and Cryptocurrencies for Taxes ,0.1
2/9/18,"Bitcoin Gold(BCG), Ethereum Classic(ETC), & Bitcoin Cash(BCH) Update ",0.5
2/9/18,"Ripple (XRP), Cardano (ADA), and EOS Make Gains Today ",-0.2
2/9/18,Crypto Olympics: TRON (TRX) vs. Lisk (LSK) ,0.1
2/9/18,LianLian Join RippleNet- Bullish Activities Support the Move ,0.2
2/9/18,Bitcoin Will Surge Further – Here’s Why ,-0.5
2/8/18,To HODL or Not to HODL? HODL Investment Strategies ,0
2/8/18,Ethereum (ETH) vs. Lisk (LSK) ,0.1
2/8/18,Hedge Fund Doesn’t Think Kodak Can Make it in Blockchain ,-0.8
2/8/18,"Bitcoin (BTC), EOS, and IOTA Comeback Despite Binance Trading Halt ",0.6
2/8/18,Austrian Energy Supplier Testing Blockchain-Based Services ,0.1
2/8/18,NEO and Stellar (XLM): The Best Altcoins of 2018 ,0.9
2/8/18,"Notable Experts Signals Crash, but Cryptocurrencies Rebound – What Next? ",-0.4
2/8/18,Bitcoin Cash (BCH) Starts the Day High with 28% Growth ,0.3
2/8/18,Phones Hacked to Mine Cryptocurrency: Monero Android Malware Discovered ,-0.6
2/8/18,Major Policymakers compare Crypto’s to Ponzi Schemes ,0
2/7/18,Analysts Predict Bitcoin Will Hit $50K in 2018 ,0
2/7/18,"Bitcoin Price Poised to Hit $50,000 – But How? ",0
2/7/18,Ethereum (ETH) and Litecoin (LTC): Coins to Invest in Before the Market Recovers ,0.2
2/7/18,Top 3 Privacy Cryptocurrency Coins in 2018 ,0.8
2/7/18,Ripple (XRP) and Stellar (XLM) Race to the Finish Line ,0.8
2/7/18,Cryptocurrencies – Excitement is Limited ,0.2
2/7/18,"NEO, Lisk (LSK), Monero (XMR), & Tron (TRX) Update ",0
2/6/18,Litecoin Price Analysis – LTC/USD Heading Back to $150? ,-0.3
2/6/18,"Cryptocurrencies Are in The Green, But Carl Icahn Called Them ‘Ridiculous’ ",-0.8
2/6/18,Bitcoin (BTC) Not Living Up to Its Original Promise ,-0.2
2/6/18,Ark and Dent Ride the Crypto Success Wave: Both Coins Trading Up Today ,0.8
2/6/18,Texas’ War On Cryptocurrency – DavorCoin Banned ,-0.7
2/6/18,NEO & NEM (XEM) Dominate the Market Today ,0
2/6/18,The Chinese New Year Crypto Effect: Will Chinese New Year Cause a Crypto Fallout Again? ,0.7
2/6/18,Cryptocurrencies Lost Half a Trillion Dollars – Where is the Support Level? ,-0.6
2/6/18,The Top Three Cryptocurrencies Are Range-Bound; But Stellar and Cardano Look Better ,0.9
2/5/18,Italian Energy Company Enel Refuses to Power Bitcoin Miners ,-0.9
2/5/18,Cryptocurrencies: Panic Selling And Why ,-0.4
2/5/18,Mining for Charity: UNICEF’s Ethereum Donation Drive ,0
2/5/18,Hidden Visa and Mastercard Fees on Crypto Purchases ,-0.2
2/5/18,"XPlay (XPA) Coin Up Today, Potential Pump and Dump? ",-0.4
2/5/18,Cryptocurrencies: Why Analysts Suggest Holding Off Until Complete Stabilization ,-0.1
2/5/18,"This Artist Hides Bitcoin in Digital Paintings – If You Solve It, You Keep It ",0.1
2/5/18,More Crypto Bans: Lloyds Shuts Down Credit Card Purchases ,-0.9
2/5/18,Bitcoin Price: What’s The Chance Of Bouncing Back? ,-0.3
2/3/18,J.P. Morgan Chase and Bank of America Ban Credit Card Crypto Purchases ,0
2/3/18,"Cardano (ADA), Litecoin (LTC), and Tron (TRX) Lead the Comeback ",0.2
2/2/18,The European Commission Just Launched a Blockchain Observatory ,-0.3
2/2/18,"DigixDAO (DGD), Dentacoin (DCN), and Nano (XRB) Take Off ",-0.1
2/2/18,Canada’s First Blockchain ETF Set For Launch Next Week ,0
2/2/18,Cryptocurrency Millionaires Build “Crypto Utopia” in Puerto Rico ,0
2/2/18,RaiBlocks Rebrands to Nano and the Coin sees a 37% Increase! – UPDATED ,0.1
2/1/18,UPS to Accept Payment in Bitcoins? It’s On the Horizon ,0.1
2/1/18,Ethereum (ETH) Remains Strong Despite Panicked Market ,0.7
2/1/18,Google Searches Spell Disaster for Bitcoin ,-0.8
2/1/18,"Ripple’s (XRP) Bearish Turn in January, but Why? ",-0.4
2/1/18,"Cryptocurrency Crash Intensified, But Investors Have Yet to Find a Bottom to the Sell-off ",0
2/1/18,Ethereum Price Stable Despite Controversies and Regulatory Concerns ,0.7
2/1/18,India’s Anti-Bitcoin Sentiments Cause Crypto Panic: BTC Drops Almost 10% and Crypto Market Plummets ,-0.2
2/1/18,KodakCoin ICO Launch Delayed by “Several Weeks” ,-0.8
1/31/18,"Crypto Coins for Small Payments: RaiBlocks (XRB), Litecoin (LTC), and Dogecoin (DOGE) ",0.4
1/31/18,The Best Cryptocurrency Memes in 2018 (So Far) ,0.9
1/31/18,LISK (LSK) & Stellar (XLM) Up Today. Are These The Ones To Watch for 2018? ,0.2
1/31/18,Square Cash App Offers Bitcoin Support. Company Shares Rise 3% ,0.3
1/31/18,Venezuela to Launch Token Pre-sale Next Month – ‘Petro’ Token ICO Now Official ,0.5
1/31/18,Blockchain Technologies Are Flourishing But What About Cryptocurrencies? ,0
1/31/18,Harunustaspor use Bitcoin to Sign New Player. Turkish Soccer Team makes a Historical Transaction. ,0.3
1/31/18,U.S. Court Freezes BitConnect’s Assets As Lawsuits Pile Up ,-0.6
1/31/18,Bitcoin Value Halves in January. What’s Next for the Cryptocurrency? ,0
1/31/18,What is the ARK coin? This Altcoin is Storming into the Crypto Market – UPDATED ,0.1
1/30/18,Bitcoin Cash Controversy Over U.S. Government Comments. “Bitcoin Cash is the Original Blockchain” ,0
1/30/18,Judd Gregg and Bitcoin. Former Governor Compares Bitcoin to Gold ,0.1
1/30/18,Facebook Bans Cryptocurrency Ads Due To Frequent Fraud ,-0.9
1/30/18,"Tron (TRX), Cardano (ADA), and Stellar (XLM) Down ",0.8
1/30/18,Over One Million People in Line to Use Robinhood’s Crypto Service ,0.1
1/30/18,Coincheck Exchange Will Repay Hack Victims ,0.2
1/30/18,Cryptocurrency Crash: Why Prices Are Falling And Likely to Stay Lower ,-0.9
1/30/18,"Ignis, SIRIN LABS (SRN), and Revain (R) Top Crypto Performers for the Day ",0.8
1/30/18,Bitcoin Price Crash: Don’t Ignore the Cost of Production ,-0.5
1/30/18,World’s First Soccer Cryptocurrency Is Coming Soon ,0.4
1/30/18,Man Held at Gunpoint and Forced to Transfer Bitcoin ,-0.7
1/29/18,YouTube Ad Hack. CoinHive Malware Attack Uses Computer Power to Mine ,-0.1
1/29/18,"Useless Ethereum is Literally Useless: ‘Seriously, Don’t Buy These.’ ",-0.9
1/29/18, CryptoKitties will Break Into China with Huge Partnership ,0
1/29/18,Will 2018 be the Year for DENT? ,0
1/29/18,The Rise of NEO: China’s Answer to Ethereum Takes the Market by Storm ,-0.4
1/29/18,Bitcoin Price: What was the Impact of the Coincheck Hack? ,0
1/29/18,Cryptocurrencies Under $5: 5 Affordable Crypto Coins  ,0.8
1/29/18,"Cryptocurrencies in Doldrums, But The Rating Agency Ranks Ethereum Above Bitcoin ",0.2
1/28/18,The NIST Released a Report on Blockchain Technology – And it Made My Life Easier! ,0.7
1/28/18,"Tron (TRX) Dogs In English Just Launched, Again ",0
1/27/18,Will Ethereum (ETH) Pass Bitcoin (BTC) This Year? ,0
1/26/18,Is Katy Perry the Latest Celebrity to Join the Cryptocurrency Industry? ,0.2
1/26/18,"Ethereum Price Silent, World Leaders Expressing Concerns in Davos ",0.2
1/26/18,"Economist That Predicted the 2008 Financial Crisis is Not a Fan of Bitcoin or Blockchain, Here’s Why ",-0.7
1/26/18,"Howard Schultz Is High On Cryptocurrency, But Bitcoin? Not So Much ",-0.2
1/26/18,Brisbane Airport to Start Accepting Cryptocurrency as Payment Method at In-Terminal Shops ,0.1
1/26/18,"BitConnect Was A Ponzi Scheme, Alleges Lawsuit ",-0.6
1/26/18,Cryptocurrencies Are All About Speculation and Illegal Transfer of Money ,-0.8
1/26/18,Ripple (XRP) & NEM (XEM) Down After Largest Crypto Hack Ever ,0.6
1/25/18,Move Over Coinbase: Robinhood Adds Zero-Fee Crypto Trading Feature ,-0.1
1/25/18,Cryptocurrencies Aren’t Responding to Controversies – Here’s Why ,-0.7
1/25/18,Payment Services Companies Are Showing Confidence in Ripple’s xRapid Product ,-0.2
1/25/18,Cryptocurrency Expert Jimmy Song to Join Blockchain Capital ,0.1
1/25/18,BREAKING: Are KYCs Making the Crypto Market Unfair? ,-0.8
1/25/18,Is The TRON (TRX) “FOMO” Over? Price Stays Stagnant ,0
1/25/18,"Bitcoin Mining Hotspots. Canada, Scandinavia, and Russia Might be the Front-Runners ",0
1/24/18,BEWARE of the Bitcoin ATMs ,0
1/24/18,Why Populous (PPT) Should Be Added To Your Crypto Portfolio ,-0.1
1/24/18,Arsenal Football Team Partners with CashBet Coin in a Cryptocurrency World First ,0.2
1/24/18,Economist Stiglitz Calls for Bitcoin Regulations to “Drive it out of Existence” ,-0.1
1/24/18,Did You Know: Rapper 50 Cent Made Millions from Bitcoin ,0.7
1/24/18,"Stellar (XLM), NEO (NEO), & Cardano (ADA) On The Rise ",0.8
1/23/18,Stripe is Dropping Bitcoin Amid Growing Difficulties With The Currency ,0
1/23/18,PIVX (PIVX) & Cryptonex (CNX) Make Huge Gains but What Are They? ,-0.2
1/23/18,"Ripple Leads the Cryptocurrency Rally, Dogecoin Creator Remarks are Weighing ",0.1
1/23/18,Hermitage Capital CEO Says Criminal Activity Will Lead to the Death of Bitcoin ,0
1/23/18,"Cryptocurrency Traders Cheers South Korean Stance, But the Upside is Limited ",0
1/23/18,Tron (TRX) Update: First Beta Launch Scheduled for End of March ,0.4
1/23/18,"Bitcoin Now In ‘Bubble Territory’, Warns Goldman Sachs ",0.7
1/23/18,Ripple (XRP) & Stellar (XLM) Make a Comeback Today ,0.6
1/22/18,"Proof-of-Stake Can Save Cryptocurrency: NEO, LSK & PHS to the Rescue ",0.2
1/22/18,Nigerians Are Using An Old Approach To Beat Bitcoin Scams ,-0.4
1/22/18,"Cindicator (CND), NXT (NXT), & SIRIN Labs Token (SRN) Top Coins Today ",0.7
1/22/18,"Bitcoin, Ripple, Ethereum and Other Top Cryptocurrencies Are Falling ",0.7
1/22/18,The Cryptocurrency Bubble is Likely to Burst According to Analysts ,-0.2
1/22/18,Could Russia Solve the Crypto Crisis? ,-0.1
1/22/18,SIRIN Labs’ Token (SRN) Up 280% and Stands Out Among The Rest ,0.6
1/22/18,Bitcoin Price Plunge: Regulatory Concerns Are Increasing ,0
1/22/18,EOS (EOS) & Stellar (XLM) Are Making Gains Today but Why? ,-0.4
1/20/18,Are Institutional Investors To Blame For The Latest Bitcoin Sell Off? ,-0.1
1/20/18,"What Is MonaCoin, Nebulas, and VeChain? All Major Gainers Today ",-0.1
1/19/18,Bitcoin or Gold? Why Investors Should Consider Both in the Current Market ,-0.3
1/19/18,Cryptocurrencies Continue to Trade in a Narrow Range – Here’s Why ,-0.5
1/19/18,Nobel Laureate Robert Shiller Doesn’t Know What to Make of Digital Currency Bitcoin ,0.1
1/19/18,"DASH Joins With Arizona State University, Big Things In Store For The Coin ",0.8
1/19/18,What is Cindicator (CND) and Why is it Up Almost 150%? ,-0.6
1/19/18,Reuters Reports the Gov. of India Has Sent Tax Notices to Crypto Traders and Investors ,0
1/19/18,Why Ripple is Substantially More Volatile Than Bitcoin? ,-0.2
1/19/18,"Bitcoin Struggles to Breach the $12,000 mark, Here’s Why? ",-0.7
1/18/18,Here’s What Well-Known Financial Leaders are Saying about Virtual Currency Bitcoin ,0.1
1/18/18,"Watch Out CoinMarketCap, Wall Street Made Their Own Crypto Index ",0
1/18/18,Ripple (XRP) Bounces Back 66% – Here’s What to Expect ,-0.1
1/18/18,Crypto Market Rebounds; Tron & BitConnect Among Biggest Gainers ,0.4
1/18/18,"Bitcoin Rebounds Substantially, South Korean Dilemma Weighs ",0
1/18/18,"Now Is The Best Time To Buy Bitcoin In 2018, Says Expert ",0.9
1/17/18,ICO News: Gluon Partners with Stratis for Automotive Blockchain Platform ,0
1/17/18,"Bitcoin, Ethereum, and Ripple Bounce Back After the Plunge ",-0.1
1/17/18,BitConnect Officially Shuts Down — Ponzi Scheme Confirmed? ,-0.9
1/17/18,BREAKING: Japan’s Largest Bank Set To Open Crypto Exchange Despite Bear Market ,0.7
1/17/18,New Cryptocurrency Day Traders Are Losing Thousands but ICOs Are Thriving ,-0.3
1/17/18,The Dramatic Cryptocurrency Selloff Wiped off $200B in Two Days ,0.2
1/17/18,Alibaba Launches Crypto Mining Platform Despite Chinese Government Restrictions ,-0.6
1/17/18,"Bitcoin Fell below $10,000 Mark – Here’s Why? ",-0.6
1/16/18,Is The Cryptocurrency Market Entering A Mature Stage? ,-0.2
1/16/18,"Mark Cuban, the NBA’s Dallas Mavericks Owner, Will Accept Bitcoin (BTC) and Ether (ETH) For Tickets ",0.4
1/16/18,"Ripple Extends the Selloff, Down 66% from an All-Time High ",0.9
1/16/18,Shares of Two Energy Companies Soaring After Announcing a Transition into Blockchain Technology ,0
1/16/18,"Bitcoin, Ethereum, Ripple, Cardano, Litecoin and the Entire Cryptocurrency Market Continue to Suffer Major Losses, Here’s Why ",-0.6
1/16/18,Bitcoin Fumbles After Renewed South Korean Concerns ,0
1/15/18,"Verge (XVG) Up By 600% In One Month, Could It Be The Next Monero ",0.4
1/15/18,"Bitcoin Higher, but Ripple, Ethereum, and Bitcoin Cash Plunge ",0.2
1/15/18,TRON (TRX): Justin Sun Is Talking The Talk but What’s The Deal? ,-0.5
1/15/18,"Bitmain Considers Expanding Bitcoin Mining Into Quebec, Canada ",0.1
1/15/18,China and South Korea Continue Harsh Bitcoin Scrutiny  ,0.3
1/15/18,Bitcoin Soars After an Appalling Performance Last Week ,-0.9
1/15/18,"Ripple Continues Declining, Drops Below $1.90 – Here’s Why ",-0.8
1/15/18,Investors Should Be Aware of Cryptocurrency Pump-and-Dumps ,-0.4
1/15/18,"NEO Vs Ethereum (ETH): Dominant Altcoin, Still On The Rise ",0.2
1/12/18,Litecoin (LTC) and All Major Cryptocurrencies On The Rise ,0.2
1/12/18,Are We Standing At the Top of a Bitcoin Bubble? ,0.5
1/12/18,Canadian Couple Will Accept Bitcoin For Their Oceanfront Property ,0.3
1/12/18,Chinese Internet Giant Baidu Launches Blockchain-as-a-Service Platform ,-0.3
1/12/18,KFC Canada Now Accepting Bitcoin As Payment ,0
1/12/18,Why Is Ethereum Outperforming Other Cryptocurrencies? ,-0.1
1/12/18,Two of Three Major Cryptocurrencies Are Likely to End the Week in the Red ,-0.4
1/11/18,"VeChain Now Up 938% Over Past 30 Days, Still Undervalued ",-0.3
1/11/18,Stellar (XLM) & Tron (TRX) What Happened? ,-0.2
1/11/18,The North American Bitcoin Conference No Longer Accepting Bitcoin as Payment Method for Tickets ,0
1/11/18,Why The Cryptocurrency Market Is Down Almost $200 Billion And What To Expect ,-0.8
1/11/18,Ripple is Soaring When Other Cryptocurrencies Are Volatile ,-0.2
1/11/18,Bitcoin Fumbles After The Potential Ban ,-0.1
1/10/18,"Ethereum Reaches $1,400, Despite Its Major Issues ",-0.6
1/10/18,Ripple Plunges For Third Straight Session – Here’s What To Expect? ,-0.3
1/10/18,Ethereum and Bitcoin Cash Are Soaring Despite A Broader Selloff ,0
1/10/18,"Dogecoin Is Still Down -13.30%, After Turbulent Start To The Week ",-0.4
1/10/18,What Is The KODAKCoin and How Will It Change Photography? ,-0.1
1/9/18,Big Corporations Are Clicking Into the Blockchain Technologies ,-0.7
1/9/18,Cryptocurrencies Are Making Big Swings – Here’s What to Expect ,0.3
1/9/18,JP Morgan Chase CEO Jamie Dimon Wary Of Bitcoin But Says He Was Wrong for Calling It A Fraud ,-0.9
1/9/18,Tron (TRX) Hit With Plagirization Accusations ,0.4
1/9/18,Bitcoin Dips For The Second Straight Session ,0
1/9/18,NEM (XEM) The Silent Rising Star ,0
1/9/18,Dentacoin Begins To Deflate After Record Increase ,-0.1
1/9/18,PACCoin: A Pump and Dump? Signs To Look Out For ,-0.3
1/8/18,What Is COBINHOOD (COB) & Why Is It Up 83% Today? ,-0.5
1/8/18,Cryptocurrency Prices Could Stay Lower Amid Chinese Policies ,0
1/8/18,The Redpulse Coin: Why the Chinese Market may Never be the Same Again ,-0.6
1/8/18,TRON (TRX) Dogs Update and Why The Cryptocurrency Has Tanked ,-0.6
1/8/18,"Ethereum: Reaches Over $1,200 and Reclaims #2 ",-0.1
1/5/18,UK’s Central Bank Terminates Plans to Roll Out its Own Digital Currency ,0.1
1/5/18,"The Rumours are False, Ripple Won’t Be Joining Coinbase; What Does this Mean for Ripple? ",-0.9
1/5/18,The Power of the Internet Meme: Dogecoin ,0.6
1/5/18,"Stellar (XLM) Vs. Ripple (XRP), Who Reigns Supreme? ",0.7
1/5/18,Is Litecoin Making A Comeback? ,0.1
1/5/18,Bitcoin Rally? Up 13% For The Day ,0
1/5/18,The Cryptocurrency Mania Will Expand Further ,0.1
1/4/18,"Cardano Now The 5th Largest Cryptocurrency, Here’s Why. ",0.2
1/4/18,"With Ripple’s Co-Founder the Richest Person in the World, Does it Mean that Ripple Will Last? ",0.1
1/4/18,"Careful Ripple, Ethereum’s Coming for You ",-0.1
1/4/18,"TRON (TRX) Up 8947% In Just 30 Days, Here’s How To Buy It ",0.1
1/3/18,"Bitcoin is Akin to Gambling, Causing Egypt to Ban It ",-0.8
1/3/18,"Move Over Bitcoin, It’s Ripple’s Time to Shine ",0.2
1/3/18,"Total Crypto Market Cap Hits Over $739 Gain Billion, Smashes Record ",0.9
1/2/18,Crypto Exchange Huobi Moving into Japanase and South Korean Markets ,0
1/2/18,How many Bitcoin Billionaires Are There? ,-0.2
1/2/18,"Bitcoin: A Year in Review – Plus, Where Will It Go in 2018? ",-0.1
12/29/17,Cryptocurrency Exchange Poloniex Upgrades Account Verification Process to Cut Down on Criminal Activity ,-0.8
12/29/17,Bitcoin Grabs the Number Two Spot on Google’s Top Searches in 2017 List ,0.9
12/29/17,Exmo Leading Analyst Returned Friday after Being Kidnapped on Dec. 26 ,-0.1
12/29/17,"Ripple Just Passed Ethereum, Now Second Largest Cryptocurrency ",0.8
12/29/17,Chrome Extension “Archive Poster” Will Mine Cryptocurrencies on Your Computer Without Your Consent or Knowledge ,0.5
12/28/17,Litecoin Dropped More Than 10% One Week After Hitting Record High ,0.2
12/28/17,Bitcoin Drops Again in Price – Is the Slump Ever Going to End or Are We Leaving the Digital Currency in 2017? ,-0.6
12/28/17,Time to Start Using Bitcoin Mining for the Sake of Science ,0.5
12/28/17,Is the Decentralized System Becoming More Centralized? ,0
12/28/17,Is 2018 Going To Be The Death of ICOs? ,-0.2
12/28/17,Is Human Body Energy The New Crypto Mining Power Solution? ,0.5
12/27/17,How Long Will Ripple’s Price Increase Last? ,-0.1
12/27/17,Secretary of the Commonwealth of Massachusetts Says Virtual Currency Bitcoin is 100% Speculation ,-0.1
12/27/17,This Long-Time Bitcoin Analyst Believes the Digital Currency Will Continue to Have Price Fluctuations Next Year ,0.6
12/27/17,Will 2018 Be the Year for Ethereum? ,0
12/22/17,"Bitcoin Drops, But Investors Are Encouraged to Hold ",0.4
12/22/17,"Rough Day For Cryptocurrency, Top 14 Suffer Major Losses ",0
12/21/17,"Bitcoin Price Reasoning and Speculations on the Rise Now that Bitcoin Drops Another 5% to $15,463 ",-0.5
12/21/17,"EtherDelta Hacked, Losses Reported Not As Bad As They Could Have Been ",-0.7
12/21/17,NYSE Files for Bitcoin Future Contracts ETFs with SEC ,0.1
12/21/17,Paragon (PRG) Reaches Highs Over 1111% In Just 12 Hours ,0
12/21/17,This Dubai-Based Firm Just Got Issued a Cease and Desist Order for its Bitcoin Mining Ploy ,0.5
12/21/17,Victory Square Adds Blockchain Pioneer And Bluzelle CEO Pavel Bains As Strategic Advisor ,0.3
12/20/17,"Charlie Lee Just Sold All Of His Litecoin, BIG News For The Altcoin ",0.4
12/20/17,Coinbase Investigates Insider Trading As Bitcoin Cash Skyrockets In Price Prior To Launch ,0.4
12/19/17,"Why DASH? Breaks Over $1,250 ",-0.3
12/19/17,CME Bitcoin Futures Exchange has Officially Launched – And It’s Doing Better than Cboe ,0.9
12/19/17,"Ether Hits $800, Up 10,000% In 2017 ",0
12/19/17,What is Augur (REP)? ,0
12/18/17,"Bitcoin Cash Comeback? On The Rise and Breaks $2,000 ",0
12/18/17,Shark Tank Investor Weighs In On Bitcoin ,0.3
12/18/17,Utah Attorneys Rush To Sell Confiscated Bitcoins ,0.1
12/18/17,Man Makes $1.1 Million Off Bitcoin Scam Selling Chuck E. Cheese Tokens ,-0.9
12/18/17,"Bitcoin Breaks $20,000 ",-0.1
12/15/17,eGaming Platform Wild Crypto Selects New CEO Ahead of January 20 Launch ,0
12/15/17,"MIST Bug Discovered, Thousands Of Ether Owners At Risk ",-0.6
12/15/17,Hackers are Mining Cryptocurrency Off of Other People’s Computers Using Video Websites ,-0.1
12/15/17,"Bloomberg Adds Ethereum, Litecoin and Ripple To It’s Price Terminal ",-0.4
12/15/17,The Japanese Company GMO Internet Wants to Pay Its Employees in Bitcoin ,-0.9
12/15/17,Blockchain Technology Could Be Helpful In Tracking Your Holiday Shopping ,0.6
12/15/17,ISIS Supporter Caught Sending Cryptocurrency To Syria ,-0.3
12/15/17,Greece’s Supreme Court Supports Vinnik’s Extradition To US To Account For His $4 Billion USD Laundered ,0.2
12/15/17,Fundstrat Co-Founder Tom Lee Believes Price of Bitcoin Will Continue to Increase ,0.5
12/15/17,Sources Report Venezuelan Gov. Will Roll Out Online Registry for Bitcoin Mining ,-0.2
12/14/17,"DASH Breaks Record High Almost At $1,000 ",-0.5
12/14/17,The “Wolf of Wall Street” Weighs In On Bitcoin and ICOs ,0
12/14/17,Man Holds Friend At Gunpoint to Steal His Cryptocurrency ,0.1
12/14/17,IOTA Doesn’t Run on Blockchain – Does that Make It Better than Bitcoin? ,0.1
12/14/17,Bitcoin To Replace Banks? Israel’s PM Thinks So ,0
12/13/17,Victory Square Appoints BTL Group Co-Founder As Strategic Advisor ,0.5
12/13/17,Struggling Coinbase Adds Former PayPal Executive To Their Board ,-0.8
12/13/17,eBay Considering Adding Bitcoin ,0.4
12/13/17,2018 Is Going to Be the Year for Bitcoin Cash ,0
12/13/17,"IOTA Drops 15 Percent, No Partnership With Microsoft After All ",-0.6
12/13/17,"Ether Hits $700, Could It Reach $1000 Before 2018? ",-0.3
12/13/17,Starbucks In Argentina Caught Mining On Customers Laptops Via Wifi ,0.5
12/13/17,Co-Owner Of The GS Warriors Predicts Bitcoin To Reach $1 Million ,0.2
12/13/17,"Fake MyEther Wallet Removed From Apple Store, Hits No3 On App Store ",-0.9
12/12/17,"Ether’s Back, Breaks New Record Above $600 and Climbs Even Higher ",0.1
12/12/17,Belarus Rolls Out Blockchain Legislation ,-0.2
12/12/17,SEC Chairman Weighs In On Cryptocurrency Futures ,0.3
12/12/17,"DASH Hits Record High and Now Offered At 13,000 Locations ",0.1
12/12/17,"Litecoin Breaks $330, Up 75% For The Day ",0
12/12/17,Bitcoin Cash Debit Card Launching Soon ,0.1
12/11/17,Korean Banking Behemoth NH Bank Joins Forces with R3 Blockchain Consortium ,-0.5
12/11/17,PlexCoin Founder Jailed ,0.3
12/11/17,"Ron Paul Asks Followers if They Would Rather Invest in Bitcoin or Gold, “Surprised” by the Results ",-0.5
12/11/17,UBS Will Be Launching a Live Ethereum Platform ,0.3
12/11/17,Litecoin Breaks $200 ,-0.4
12/11/17,Nokia Wants to Use Blockchain to Give Individuals More Control Over Their Personal Health Data ,-0.4
12/11/17,CBOE CEO Edward Tilly Calls Out Critics Who Said Their Bitcoin Futures Market Was Rushed ,-0.7
12/11/17,People Have Started Taking Out Mortgages to Buy Bitcoin ,0.4
12/11/17,France Approves Financial Blockchain Trading ,-0.1
12/11/17,"Saxo Bank’s Global Strategist Predicts Bitcoin To Reach $100,000 ",0.2
12/11/17,"Bitcoin Whales Own More Than 40 Percent Of All Bitcoin, Could 1,000 People Break The Cryptocurrency? ",0.5
12/11/17,"Hard Fork, Super Bitcoin, Launches Tomorrow Aiming At “Making Bitcoin Great Again” ",0.9
12/11/17,"Russia, China, and Iran Working Out Deals To Trade Oil With Cryptocurrency ",0.5
12/11/17,"Bitcoin Takes On Wall Street, Bitcoin Futures Officially Launched Last Night ",0
12/11/17,Bitcoin Mining Operations Cause Blackouts ,0.2
12/11/17,"Litecoin Taking Off, Up 87 Percent This Week ",-0.5
12/11/17,Bitcoin Platinum Turns Out to Be a Scam ,-0.9
12/11/17,ETF Fund Provider VanEck Files Bitcoin ETF Application ,0
12/11/17,Victory Square Technologies Reveals Blockchain-Based Portfolio Company ,-0.1
12/10/17,Bitcoin Prices Surge After CBOE Begins Futures Trading ,0
12/9/17,A Parcel Bomber in Germany Just Demanded His/Her Ransom to be Paid in Bitcoin ,0.1
12/9/17,Tyler and Cameron Winklevoss Forecast the Bitcoin Market will Pass Trillions of Dollars ,0
12/9/17,Bitcoin Community Raises $1.6M for Bitcoin Expert Andreas Antonopoulos ,0.4
12/8/17,Altcoins Soaring As Bitcoin Suffers? ,-0.1
12/8/17,Craigslist Now Offers Cryptocurrency Payment Requests ,0.4
12/8/17,Is Bitcoin Like The American Revolution Currency? ,0.3
12/8/17,Litecoin Up Above 30 Percent In Just 24 Hours ,0.3
12/8/17,Lionel Messi: The Latest Blockchain Enthusiast ,0
12/7/17,Bulgarian Law Enforcement Holding $3 Billion of Bitcoin of Bitcoin ,0
12/7/17,Valve No Longer Accepts Bitcoin as Payment ,-0.2
12/7/17,Coinbase Not Growing Fast Enough? ,-0.4
12/7/17,Wall Street Banks are Saying ‘No’ to the Bitcoin Futures Contracts ,-0.6
12/7/17,Bank of America Gets Approval Of Cryptocurrency Exchange Patent ,0.6
12/7/17,Bitcoin Marketplace NiceHash Hacked – Over $64 Million Stolen ,-0.9
12/7/17,"Bitcoin Reaches Above $19,500 On GDAX, Smashes Records ",0.4
12/7/17,"Bitcoin To Become Legal In Russia, Mining Might Be Illegal ",-0.1
12/7/17,"Bitcoin Back Above $18,000 After Coinbase and GDAX Crash ",-0.5
12/6/17,"Breaking! BITCOIN Grows 20% In Just 24 Hours, Smashing Above $14,000 ",0.5
12/6/17,Cryptocurrency Market Now Worth More Than JPMorgan ,0.8
12/6/17,Federal Reserve Nominee Driving Up Bitcoin’s Price? ,0
12/6/17, UK Singer Lilly Allen Could’ve Been A Billionaire With Bitcoin Gig ,0.2
12/6/17,"Revolut App Will Now Support Bitcoin, Ether, and Litecoin ",0.5
12/6/17,UK Rolls-Royce Owner Puts Car Up For Sale In Exchange For Bitcoin ,0
12/6/17,"$96 Million Of Bitcoin Burried At A Landfill, Owner Plans To Dig It Up ",0.6
12/6/17,"Bitcoin Reaches $13,000, How High Will It Go? ",0.3
12/6/17,IOTA On The Rise: Passes Ripple And Breaks Yet Another Record ,0
12/6/17,Paypal Co-Founder Fan Of Blockchain But Still Unsure About Bitcoin ,0.5
12/6/17,South Africa Now Allows Traffic Fines to be Paid by Bitcoin ,0.8
12/6/17,New App Developed to Warn of Bitcoin Crash ,-0.6
12/6/17,Airline Carrier Now Accepting Bitcoin and Ethereum Payments ,0.4
12/6/17,Hedge Funds May Begin Betting Against Bitcoin ,0
12/6/17,Victory Square Joins Market-Leading Blockchain Investment Organization ,0.5
12/6/17,Victory Square Selected to Join Elite Investment Group: Blockchain Investors Consortium ,0
12/5/17,Bitfinex Plans to Sue Critics ,0
12/5/17,"Mariah Carey, Toby Keith, and Sia Are Now Selling Albums For Monero ",0
12/5/17,"Bitcoin Hits $12,000 And Reaches Above $200 Billion ",0.2
12/5/17,Monero Above $240 Smashing Records ,0.9
12/4/17,Indonesia Will Ban Bitcoin in 2018 ,0
12/4/17,Bitcoin Mining Could Consume All of the World’s Electricity Supply By 2020 ,-0.7
12/4/17,Tesla S Owner Mines Bitcoin In The Trunk Of His Car ,0
12/4/17,IOTA Up 55% And Has Just Passed DASH ,0.7
12/4/17,19.9 Percent Of Americans ‘Underbanked’ And Coinsource Launches 20 New Bitcoin ATMs ,0.3
12/4/17,Russian Santa Upset With Putin’s Crypto Stance ,-0.8
12/4/17,Four New Blockchain Bills Just Filed By NY Assemblyman ,0.1
12/4/17,"Bitcoin Still Above $11,000 ",0.3
12/4/17,Bitcoin Just Made The US Olympic Winklevoss Twins Billionaires ,0
12/4/17,CryptoKitties Etherum Based Crypto Game Racks in $3 Million ,0.2
12/4/17,The Philippines Plans to Regulate ICOs ,0
12/3/17,CME Group Ready to Conclude Integration of its Bitcoin Futures Exchange by Dec. 17 ,0.6
12/3/17,Billionaire Ken Griffin Compares Bitcoin’s Price to Dutch Tulip Bulb Market Bubble ,0.1
12/3/17,MGT Capital’s John McAfee Increases 2020 Bitcoin Price Target to $1M ,0.5
12/3/17,"Bitcoin Reaches New High By Exceeding $11,700 Mark ",0.2
12/2/17,Finance Minister of India Says Cryptocurrencies Are Not a Legal Tender ,-0.6
12/2/17,U.S. Senate Working On Bill S.1241; A Proposed Law That Will Criminalize the Suppression of Digital Currencies Ownership ,-0.4
12/2/17,Press Secretary Sanders Confirms White House is Watching Bitcoin ,0.2
12/2/17,Nobel Laureate Robert J. Shiller Believes Bitcoin Will Crash ,-0.3
12/1/17,Bitcoin Futures Get The Green Light ,0.3
12/1/17,You Can Now Pay Your Rent With Cryptocurrency ,-0.4
12/1/17,‘Microraiden’ Is Live On The Ethereum Blockchain ,0
12/1/17,"How did Bitcoin Reach $10,000? ",0
12/1/17,"Bitcoin Back Above $10,500 ",0.4
11/30/17,Dr. Joseph Stiglitz Declares That Bitcoin Should be Banned ,-0.3
11/30/17,"Back In The Green, Top Cryptocurrencies On The Rise Once More ",0.9
11/30/17,PwC Accepts First Bitcoin Payment ,0.5
11/30/17,Turkey Declares Bitcoin “Not Compatible” for Muslims ,-0.7
11/30/17,Goldman CEO View: Bitcoin Not Valid Currency ,-0.6
11/30/17,Bitcoin Gold Attacked by Hackers ,-0.5
11/30/17,Litecoin Said to Be Bitcoin’s Biggest Competition ,0.2
11/30/17,Will Ripple Pass Bitcoin? ,0
11/30/17,"BREAKING: IRS Cracks Down On CoinBase and 14,355 Users Will Be Reported ",-0.6
11/30/17,Blockstack Evades Phishing Attack on ICO ,0
11/30/17,Gibraltar Makes Massive Announcement at BlockShow Asia 2017 ,0.5
11/30/17,"Breaking News! Bitcoin’s Value Drops $2,000 ",0
11/30/17,Sir Jon Cunliffe: Bitcoin is No Threat to the Worldwide Economy ,-0.1
11/30/17,Ukrainian Shipper Negotiating First Ever Bitcoin Transaction ,0.5
11/30/17,South Korea Close to Finishing Regulatory Drafts for Bitcoin Exchanges ,0.4
11/29/17,Bitcoin Cash Will Be Increasing Its Block Size Even More in the New Year ,0.7
11/29/17,A New Blockchain ETF Filed for SEC Approval ,0.2
11/29/17,"DASH Reaches $800, up 17% ",-0.1
11/29/17,Ethereum Reaches New All-Time High ,0.2
11/29/17,"Bitcoin Passes $11,000 ",0.4
11/29/17,IOTA Creating New Blockchain Technology ,0.1
11/28/17,TechCrunch Founder Michael Arrington to Raise $100M for Ripple Hedge Fund ,0
11/28/17,Bitcoin Wallet App Maker Abra Announces the Integration of Ethereum ,0.6
11/28/17,"Bitcoin’s Market Value Just Passed Disney, Yes Disney ",0.8
11/28/17,The Search for Bitcoin Founder Satoshi Nakamoto Continues ,0.3
11/28/17,Modernizing of the AML Laws May Have Criminal Effects on Cryptocurrency Future Trading ,0.6
11/28/17,More People than Ever Before Looking Up Bitcoin on the Internet ,0
11/28/17,BBVA Joins Forces with Blockchain Company Waves to Create Shipping Solution ,-0.2
11/28/17,SingularityNET Discloses $36 Million ICO to Fund its AI Platform ,-0.1
11/28/17,Will the Oversupply of Bitcoin Burst the Bubble? One Analyst Says Yes ,0
11/28/17,Tesla’s CEO Elon Musk the creator of Bitcoin? ,0
11/28/17,"Bitcoin Reaches $10,000 ",0.2
11/28/17,Ethereum Price Gains Help Sales of NVIDIA’s GPUs ,0.2
11/28/17,World’s Largest Bitcoin Exchange From Tokyo bitFlyer: Enters US Market ,0.8
11/27/17,Bitcoin Exchange Coinbase Surpasses Stock Brokerage Schwab in Active Users ,0.3
11/27/17,Bitcoin Gold May Drop ,0
11/27/17,Bitcoin To Become a Safe Haven For Investors During Next StockMarket Crash? ,0
11/27/17,The Bitcoin Mining Network’s Estimated Power Use Exceeds That of 19 European Countries ,0.9
11/27/17,Bitcoin To Reach 12.6 Million Viewers On Popular ‘Big Bang Theory’ Tv Show ,0.7
11/27/17,"Bitcoin Price At Second New All-Time High in Past 24 Hours: $9,771 ",0.1
11/27/17,$490: Ethereum Reaches New Record High And Climbing ,0.8
11/27/17,Blockchain Making Stocks Soar ,0
11/27/17,Breaking: Litecoin Reaches High ,0.4
11/27/17,Seoul Government Officially Selects Samsung SDS for Municipal Blockchain Implementation ,-0.2
11/27/17,Bitcoin Exchange Platform Coinbase Becomes #1 Trending iOS App ,-0.2
11/27/17,Iran Welcomes the Use of Bitcoin Through Regulation ,0.4
11/27/17,Credit Suisse Predicts Square App to See Notable $30 Million Revenue Gains Due to Bitcoin Incorporation ,0.6
11/27/17,"Lost Hard Drive Full of 7,500 Bitcoins Now Worth $72 Million ",0
11/27/17,GPU Manufacturing Companies Benefit from Boost in Bitcoin ,0.3
11/24/17,"Another Crypto Heist? This Time It’s 100,000 Euros In Austria ",-0.2
11/24/17,Ether: Another Record Broken and Still Rising ,-0.7
11/24/17,"Blockchain Meets The Skies, Air New Zealand Initiates Partnership ",0
11/24/17,Swiss National Bank Chairman: Cryptocurrency Is Just An Investment and Not An Actual Currency ,-0.2
11/23/17,Bitcoin Cash Back Above $1500 ,0.3
11/23/17,Breaking: Ether Smashed Its Record Today At Over $400 ,-0.6
11/23/17,"Keiser Predicts Bitcoin To Reach $100,000 ",0.1
11/22/17,Ripple: Cross Border Payments Initiated Between Singapore and India ,0
11/22/17,Breaking: First Bitcoin Mutual Fund Launches In Europe ,0
11/22/17,Morocco Bans Cryptocurrency ,0.2
11/22/17,UBER: Yet Another Hack Mobile Wallets At Risk? ,0
11/22/17,Breaking: Monero Hits All-Time High ,0.3
11/21/17,Hacker Completely Crippled Sacramento Regional Transit and Ransomed For One Bitcoin ,-0.7
11/21/17,Another Heist? $30 Million Worth Of Bitcoin Stolen on Tether ,0
11/21/17,Blockchain and Bitcoin Smash Records ,0.6
11/21/17,Do You Have An Android Cryptocurrency Wallet? You May Be At Risk ,0
11/21/17,"BREAKING! Ethereum Based ICO Runs Away With $375,000  ",0
11/20/17,"Capital Management Founder Projects Bitcoin To Reach $400,000 ",0
11/20/17,Russia: Bitcoin Will “Never” Be Legal ,-0.2
11/20/17,CME Bitcoin Trades Set For December 11th ,0.1
11/20/17,Square: Credit Suisse Analyst Says Company Will Make $30 Million From Bitcoin ,-0.5
11/20/17,"All-Time High: Bitcoin Breaks Over $8,200 ",0
11/17/17,First Bitcoin Litecoin Network Swap Success ,0.7
11/17/17,"BREAKING: Bitcoin Reaches $8,000 ",0
11/17/17,Switzerland: Two New Bitcoin Futures Projects Emerge ,0.2
11/17/17,Harry Potter Themed Cryptocurrency Initiates Test Launch ,0.2
11/16/17,How high does Bitcoin’s prices have to reach before the typical Bitcoin investor sells it? ,0
11/16/17,Bitcoin Cash Crumble? ,0
11/16/17,Breaking: Top Audit Firm Joins The Blockchain Alliance ,0.8
11/16/17,Breaking: American Express Has Entered The Blockchain Arena ,-0.3
11/16/17,Japan Passed China and Is Now Leading The Way In Cryptocurrency ,0.5
11/16/17,Morgan Stanley CEO Rips Bitcoin ,-0.3
11/15/17,Extradition Bitcoin Laundering Hearing Causing Rift Between US And Russia Courts ,-0.8
11/15/17,Breaking: Square Inc Making BIG Moves With Bitcoin ,0
11/15/17,$100 Billion UK Hedgefund Exploring Bitcoin ,0.5
11/15/17,Canada: 2018 Blockchain Digital Identification ,0
11/15/17,"Bitcoin Is On The Rise, Back Above $7000 ",0.4
11/15/17,"$160 Million Frozen, No End In Sight ",-0.8
11/14/17,Russian Central Bank Official Commends ICOs for Possible Funding Opportunities ,0.5
11/14/17,Bitcoin: Zimbabwe’s Only Hope? ,0
11/14/17,Credit Card Giant Mastercard Applies for Instant Blockchain Payments Patent ,0
11/14/17,Wall Street Ready For Bitcoin Futures Introduction ,0.3
11/14/17,"Chinese Ban on Bitcoin Mining Rumors Circulate, Amidst Official Document Releases ",0.4
11/14/17,SEC’s Chief Accountant: Auditors Focus Should Be On Blockchain Technology ,0
11/14/17,NVIDIA’s Crypto Mining Sales Drop Half ,-0.3
11/14/17,"Bitcoin Cash Upgrade Complete, Bitcoin In Trouble? ",-0.1
11/14/17,Bitcoin Death Spiral? ,0
11/10/17,US Customs and Border Patrol Embrace Blockchain ,0.1
11/10/17,European Central Bank “Closely” Monitoring Cryptocurrency ,0
11/10/17,"Bitcoin Cash: Up 49%, could it be the new Bitcoin by mid 2018? ",0
11/10/17,"BREAKING: Bitcoin falls below $7,000! ",0
11/10/17,"Bitcoin Is Not A Bubble, Here’s Why ",-0.5
11/9/17,Study Finds: One-In-Four Millennials Ditching Stocks For Bitcoin ,0.7
11/9/17,"Your Private Crypto Keys Safe, For Now ",0.7
11/8/17,Breaking: Monaco Cryptocurrency Card Backed By Visa ,0.3
11/8/17,Can A Bubble Be A Good Thing? ConsenSys CEO Seems To Think So ,0.3
11/8/17,Ethereum Melt Down! $300 Million in Funds ‘Accidentally’ Frozen by One User ,0
11/8/17,"Hard Fork News: Bitcoin SegWit2x Suspended, Price Jumps ",-0.7
11/6/17,Can You Make a Fortune out of Bitcoin? Richard Branson and Bill Gates Seem to Think So ,0
11/3/17,"Where to keep up with Ethereum’s Fork, real-time. ",-0.1
11/3/17,"BREAKING: Bitcoin Soars 6% to $7,400 in just 24 hours ",0
11/2/17,Status: Ethereum Mobile Wallet Pledges $1 Million ,0
11/2/17,Bitcoin Just A Bubble? Credit Suisse CEO’s Prediction ,0.2
11/2/17,Amazon Subsidiary Registers Three Additional Cryptocurrency-Related Web Domains ,-0.5
11/1/17,Blockchain Explained | What is A Blockchain? ,0
11/1/17,Blockchain 101 | Everything You Need To Know About Blockchain Technology ,0.1
11/1/17,Swiss Startup Etherisc Offers Blockchain Flight Delay Insurance To Devcon3 ,-0.6
11/1/17,Blockchain Explained | Why You Should Use a Blockchain ,-0.2
11/1/17,Blockchain 101 | The Basics of Blockchain Technology ,-0.1
11/1/17,Blockchain 101 | What is a Digital Ledger? ,-0.1
11/1/17,London Stock Exchange Group Exec: Fiat Currencies Are Hampering Blockchain Innovation ,0.2
10/31/17,Ethereum ETN Offered by UK Asset Manager ,0
10/24/17,Urbit: Virtual Server Makes The Shift to Ethereum ,-0.2
10/23/17,The Future? Bitcoin-Ethereum Swap Code Now Available ,0.3
10/23/17,$280: Ether Price One-Month Low ,0
10/20/17,"Taiwan Semiconductor Manufacturing Co. Reports Strong 3Q Revenue, Credits Cryptocurrency Mining ",0
10/20/17,"Ether Prices Remain Strong, Despite Technical Headwinds ",0.3
10/20/17,A New Blockchain Allegiance: Circle Acquires Trigger Finance ,0.1
10/20/17,Time Running Out: What’s Left To Do Before Byzantium ,-0.5
10/18/17,Byzantium Update Sucess? Not Quite Yet. ,-0.2
10/18/17,Hewlett Packard Enterprise and 47 Others Join The Enterprise Ethereum Alliance ,0.3
10/18/17,Close To The Wire: Revised Parity Software Finally Released ,0.7
10/18/17,Byzantium: Ethereum’s Blockchain Software Update Achieved ,-0.2
10/18/17,Parity Founder Calls For Cautious Approaches To Future Forks ,0.5
10/17/17,"Alternative Ethereums, holding steady ",0.7
10/17/17,"As Hard Fork Closes In, Ethereum Developers Hit a Bump with Geth. ",-0.7
10/17/17,"Byzantium: Smooth Sailing, So Far ",0.9
10/16/17,New University Rewards Program Offers Ether To Students ,0
10/16/17,"Pre-Fork Bullish Momentum Fall, Investors Moving Cautiously. ",-0.5
10/13/17,Ethereum’s Confidence High: Will The Blockchain Split Occur? ,0.3
10/10/17,"Ether Gaining Strength, Back Above $300. ",0.7
7/12/17,A Crash in the Cryptocurrency Industry Might Actually Be a Good Thing ,-0.4
7/10/17,3 Altcoins That Have Potential To Be The Next Ethereum Or Bitcoin ,0.1
7/7/17,This is Why Ethereum is Rising Above Bitcoin ,-0.2
7/5/17,Cryptocurrency: Exchange Hack Leads To Hefty Losses ,-0.7
6/6/17,A Potential Reason Behind Bitcoin’s Surge ,0.5